-- MySQL dump 10.16  Distrib 10.1.48-MariaDB, for debian-linux-gnu (x86_64)
--
-- Host: localhost    Database: db
-- ------------------------------------------------------
-- Server version	10.1.48-MariaDB-0+deb9u2

/*!40101 SET @OLD_CHARACTER_SET_CLIENT=@@CHARACTER_SET_CLIENT */;
/*!40101 SET @OLD_CHARACTER_SET_RESULTS=@@CHARACTER_SET_RESULTS */;
/*!40101 SET @OLD_COLLATION_CONNECTION=@@COLLATION_CONNECTION */;
/*!40101 SET NAMES utf8mb4 */;
/*!40103 SET @OLD_TIME_ZONE=@@TIME_ZONE */;
/*!40103 SET TIME_ZONE='+00:00' */;
/*!40014 SET @OLD_UNIQUE_CHECKS=@@UNIQUE_CHECKS, UNIQUE_CHECKS=0 */;
/*!40014 SET @OLD_FOREIGN_KEY_CHECKS=@@FOREIGN_KEY_CHECKS, FOREIGN_KEY_CHECKS=0 */;
/*!40101 SET @OLD_SQL_MODE=@@SQL_MODE, SQL_MODE='NO_AUTO_VALUE_ON_ZERO' */;
/*!40111 SET @OLD_SQL_NOTES=@@SQL_NOTES, SQL_NOTES=0 */;

--
-- Table structure for table `COMPANY_INDEXES`
--

DROP TABLE IF EXISTS `COMPANY_INDEXES`;
/*!40101 SET @saved_cs_client     = @@character_set_client */;
/*!40101 SET character_set_client = utf8 */;
CREATE TABLE `COMPANY_INDEXES` (
  `cuid` varchar(15) DEFAULT NULL,
  `sl_no` smallint(6) DEFAULT NULL,
  `name` varchar(52) DEFAULT NULL,
  `symbol` varchar(10) DEFAULT NULL,
  `market` varchar(2) DEFAULT NULL,
  `no_equity` varchar(0) DEFAULT NULL,
  `price_yesterday` decimal(7,2) DEFAULT NULL,
  `price_today` decimal(7,2) DEFAULT NULL,
  `change_percentage` decimal(3,2) DEFAULT NULL
) ENGINE=InnoDB DEFAULT CHARSET=utf8mb4;
/*!40101 SET character_set_client = @saved_cs_client */;

--
-- Dumping data for table `COMPANY_INDEXES`
--

LOCK TABLES `COMPANY_INDEXES` WRITE;
/*!40000 ALTER TABLE `COMPANY_INDEXES` DISABLE KEYS */;
INSERT INTO `COMPANY_INDEXES` VALUES ('Mz1BkG_i9J6emzA',1,'Alphabet Inc.','GOOGL','us','',1332.32,1338.58,0.47),('b5-tAedCtsz_xjx',2,'Johnson & Johnson','JNJ','us','',2371.12,2358.79,-0.52),('5Lz8uq2YuemOBc4',3,'Exxon Mobil Corporation','XOM','us','',26.60,26.55,-0.19),('FWaJjfWbQ3TQdH0',4,'UnitedHealth Group Incorporated','UNH','us','',1884.88,1902.60,0.94),('jYc0Fg3YpNOO-0R',5,'Amazon.com, Inc.','AMZN','us','',1666.11,1652.95,-0.79),('QkuxFT1uch7A6Ya',6,'Berkshire Hathaway Inc. New','BRK-B','us','',1525.44,1532.91,0.49),('17rQ_O0bnjB2KaW',7,'Walmart Inc.','WMT','us','',220.59,219.13,-0.66),('fOqSp148J5qOalU',8,'Procter & Gamble Company (The)','PG','us','',1928.97,1931.28,0.12),('bJ4C3rN-FgNPwhq',9,'NVIDIA Corporation','NVDA','us','',1068.21,1077.29,0.85),('CnFyKSKIBwyK5zi',10,'JP Morgan Chase & Co.','JPM','us','',185.37,184.48,-0.48),('9xGXDzV5L0MJ2F0',11,'Eli Lilly and Company','LLY','us','',490.26,494.18,0.80),('JBUc08uK0aCbXB7',12,'Mastercard Incorporated','MA','us','',4366.91,4336.34,-0.70),('_sKalzoO2vmWKTU',13,'Chevron Corporation','CVX','us','',860.20,865.53,0.62),('bYIr-l8_j1WZyRf',14,'Merck & Company, Inc.','MRK','us','',4632.33,4676.34,0.95),('JaS4p84zXKJyki8',15,'Home Depot, Inc. (The)','HD','us','',2347.90,2365.98,0.77),('G23KbvE_yino1Qj',16,'AbbVie Inc.','ABBV','us','',1791.47,1807.59,0.90),('5VBmrSU5ufy3kWJ',17,'Pfizer, Inc.','PFE','us','',3011.78,2983.77,-0.93),('z8iUeururFLthOZ',18,'Bank of America Corporation','BAC','us','',1021.84,1015.71,-0.60),('mNHqozJ8I10U_dx',19,'Coca-Cola Company (The)','KO','us','',860.81,856.76,-0.47),('-LgWFx8FMfeHliw',20,'Pepsico, Inc.','PEP','us','',630.44,626.22,-0.67),('rCCXuKL8FLmanZA',21,'Thermo Fisher Scientific Inc','TMO','us','',1343.63,1332.07,-0.86),('n8W9c5wS57TLt-W',22,'Costco Wholesale Corporation','COST','us','',642.03,635.87,-0.96),('7bgOf3OTK1gZ66X',23,'Broadcom Inc.','AVGO','us','',652.48,654.50,0.31),('L8tQe0O3IbJls-n',24,'Oracle Corporation','ORCL','us','',1603.99,1616.66,0.79),('Wooac092vdXw7Zg',25,'Cisco Systems, Inc.','CSCO','us','',862.04,866.78,0.55),('0xEop7MLu_63v3N',26,'Abbott Laboratories','ABT','us','',1787.77,1794.92,0.40),('LGJ1IbtLpWO1PsF',27,'Danaher Corporation','DHR','us','',376.16,374.43,-0.46),('7KF1TdML3YO4Y6y',28,'McDonald\'s Corporation','MCD','us','',148.38,147.85,-0.36),('jdirMYaVOtt4Gks',29,'Accenture plc','ACN','us','',1259.69,1261.83,0.17),('cFteQKxP2NrQOz3',30,'T-Mobile US, Inc.','TMUS','us','',6304.77,6324.31,0.31),('RLOfMX7UUZc4J9O',31,'Nike, Inc.','NKE','us','',24.28,24.43,0.60),('_WgPYRALhrYUWUy',32,'Walt Disney Company (The)','DIS','us','',331.23,332.02,0.24),('Mpkss3ItCpd2zT9',33,'Alphabet Inc.','GOOG','us','',908.30,899.40,-0.98),('rkI0Bpz6GMN84mX',34,'NextEra Energy, Inc.','NEE','us','',2120.79,2123.76,0.14),('7d3ySM_SR6dZID9',35,'Wells Fargo & Company','WFC','us','',191.33,193.13,0.94),('JrYNfHZ-6ZjI3sK',36,'Linde plc','LIN','us','',723.41,730.07,0.92),('moO9lpGht3auiZQ',37,'Bristol-Myers Squibb Company','BMY','us','',231.59,232.98,0.60),('b-f3Jhw9j9hMt0C',38,'Comcast Corporation','CMCSA','us','',220.57,221.54,0.44),('k7yYRa9YatO5wKJ',39,'Tesla, Inc.','TSLA','us','',1315.43,1302.80,-0.96),('gHav1Ddz44g-fJr',40,'United Parcel Service, Inc.','UPS','us','',4333.46,4314.83,-0.43),('glpOy62ZZHq7CSP',41,'Texas Instruments Incorporated','TXN','us','',2775.07,2773.96,-0.04),('LhFnbZwXaUakgrm',42,'Adobe Inc.','ADBE','us','',67.51,67.79,0.41),('fA2mv2gKggXsLu2',43,'Verizon Communications Inc.','VZ','us','',704.20,704.69,0.07),('eN0zq16LM1N-zI1',44,'ConocoPhillips','COP','us','',1375.99,1363.74,-0.89),('uXrp87-YqCChE5S',45,'Raytheon Technologies Corporati','RTX','us','',17.92,17.96,0.20),('jB5fxM-ZByl279q',46,'Honeywell International Inc.','HON','us','',88.19,88.02,-0.19),('XXITmL1SLCi9lwc',47,'Philip Morris International Inc','PM','us','',2087.62,2107.45,0.95),('DVa3jFOJOWImYHM',48,'Charles Schwab Corporation (The','SCHW','us','',427.98,424.60,-0.79),('m9biSRu1yiNu_ew',49,'Amgen Inc.','AMGN','us','',696.04,702.79,0.97),('jd9Rl93fcuZ_hoI',50,'Lowe\'s Companies, Inc.','LOW','us','',1491.34,1482.54,-0.59),('MHCJGPwb7yocXLK',51,'Union Pacific Corporation','UNP','us','',2060.69,2063.16,0.12),('mlb4mMTy_ZCih4p',52,'QUALCOMM Incorporated','QCOM','us','',66.05,65.90,-0.22),('rVuvqva5XZj51qz',53,'Netflix, Inc.','NFLX','us','',273.07,272.47,-0.22),('hijRgLKiqCsjVGl',54,'AT&T Inc.','T','us','',3426.56,3432.73,0.18),('BGhc7JiqROYInMr',55,'International Business Machines','IBM','us','',7931.93,7970.00,0.48),('cVXQnJjf48w-VNa',56,'Deere & Company','DE','us','',1051.39,1051.81,0.04),('1zRk_9xiIMSQf5H',57,'CVS Health Corporation','CVS','us','',982.67,987.98,0.54),('htkJecbjyUQXK3O',58,'Caterpillar, Inc.','CAT','us','',5814.51,5758.69,-0.96),('XVYjnwx9MX7JWja',59,'Goldman Sachs Group, Inc. (The)','GS','us','',2085.98,2103.09,0.82),('lqGJz8MJvIk69Fk',60,'Lockheed Martin Corporation','LMT','us','',2106.31,2111.37,0.24),('uUJGYefO9MFzzxu',61,'Salesforce, Inc.','CRM','us','',793.65,791.90,-0.22),('dHdplX6gMIIeAOC',62,'Intuit Inc.','INTU','us','',1567.16,1566.22,-0.06),('-DWH-czAnzeeLRn',63,'Intel Corporation','INTC','us','',230.66,232.34,0.73),('64YS-khL4eM_EAz',64,'American Express Company','AXP','us','',845.04,838.45,-0.78),('P3vScjxWBAM5Otg',65,'Boeing Company (The)','BA','us','',873.11,869.09,-0.46),('shCBmrtuL-X4C1M',66,'Advanced Micro Devices, Inc.','AMD','us','',1469.46,1466.37,-0.21),('mWwzsFrsuhhttth',67,'Gilead Sciences, Inc.','GILD','us','',157.40,158.03,0.40),('vh2pkn7TIGaxPoV',68,'Medtronic plc.','MDT','us','',248.39,249.81,0.57),('mLGlb7HFylZ2AQz',69,'Cigna Corporation','CI','us','',3041.01,3037.06,-0.13),('qHL51-dHiJu5xYo',70,'Automatic Data Processing, Inc.','ADP','us','',2521.57,2545.02,0.93),('Ri_lkDbKmGhwesz',71,'BlackRock, Inc.','BLK','us','',2977.09,2993.76,0.56),('nw-vvKXa8uTjoIx',72,'American Tower Corporation (REI','AMT','us','',49.50,49.38,-0.24),('d19rcK1eEBbRGwd',73,'Intuitive Surgical, Inc.','ISRG','us','',1024.51,1017.03,-0.73),('bCPGBOIs1sGtskR',74,'Morgan Stanley','MS','us','',221.24,219.49,-0.79),('xJAth1lBJ7OtYpc',75,'Microsoft Corporation','MSFT','us','',953.67,948.81,-0.51),('dsSPviGnqOiEH3w',76,'Applied Materials, Inc.','AMAT','us','',1128.16,1120.38,-0.69),('HN0dVJLtmphg4xs',77,'Stryker Corporation','SYK','us','',120.74,120.85,0.09),('JHn9u8EJI3BHLFX',78,'Mondelez International, Inc.','MDLZ','us','',834.84,832.34,-0.30),('hl5cH5PLuYCUH5E',79,'Citigroup, Inc.','C','us','',1293.48,1298.40,0.38),('mXIRcUEcxqe7ycY',80,'Chubb Limited','CB','us','',1970.26,1953.91,-0.83),('gRVlyTyti2gUFoQ',81,'Analog Devices, Inc.','ADI','us','',2719.37,2734.33,0.55),('SfyDqiiB7XIt-e2',82,'Estee Lauder Companies, Inc. (T','EL','us','',1132.37,1139.39,0.62),('p7wG3Jn-0IixuGM',83,'Prologis, Inc.','PLD','us','',2955.47,2933.60,-0.74),('HWwQ8RIX-qdm4ro',84,'General Electric Company','GE','us','',1538.86,1540.71,0.12),('LrqaFpx868T6PtJ',85,'PayPal Holdings, Inc.','PYPL','us','',954.05,945.37,-0.91),('yRISa8Z5wRzQmCU',86,'Marsh & McLennan Companies, Inc','MMC','us','',418.81,420.49,0.40),('sp6HJ6rNrHiMrsC',87,'Altria Group, Inc.','MO','us','',2282.65,2277.63,-0.22),('ksS8RlqcWzL1xzi',88,'Northrop Grumman Corporation','NOC','us','',650.68,648.99,-0.26),('ZIUe_4X3KTpQpJK',89,'S&P Global Inc.','SPGI','us','',1771.34,1764.25,-0.40),('DFPwlz6wF0dWKHQ',90,'ServiceNow, Inc.','NOW','us','',1375.48,1385.80,0.75),('tTCS6sjSnrqOFnq',91,'Moderna, Inc.','MRNA','us','',1028.23,1024.53,-0.36),('3-DqHHLbeLGhByh',92,'Regeneron Pharmaceuticals, Inc.','REGN','us','',2138.46,2117.93,-0.96),('HbnRt4uMgp9L_Xw',93,'Duke Energy Corporation (Holdin','DUK','us','',1939.94,1920.73,-0.99),('bSo8GNfuPVUKYi5',94,'TJX Companies, Inc. (The)','TJX','us','',317.01,316.47,-0.17),('OZUWTVHT-NMLTn8',95,'Booking Holdings Inc. Common St','BKNG','us','',344.76,341.69,-0.89),('JXyFSWfuNdViA7n',96,'EOG Resources, Inc.','EOG','us','',460.61,458.45,-0.47),('dK36fcuCxjD_xwl',97,'Progressive Corporation (The)','PGR','us','',2468.66,2460.76,-0.32),('QmzRfikx39dt7P1',98,'Southern Company (The)','SO','us','',416.85,416.31,-0.13),('x3gJqAEQNh_1QBh',99,'HCA Healthcare, Inc.','HCA','us','',1080.83,1076.07,-0.44),('fNM8YpJgp-y9CV4',100,'Zoetis Inc.','ZTS','us','',244.96,243.74,-0.50);
/*!40000 ALTER TABLE `COMPANY_INDEXES` ENABLE KEYS */;
UNLOCK TABLES;

--
-- Table structure for table `FUND_TRANSACTIONS`
--

DROP TABLE IF EXISTS `FUND_TRANSACTIONS`;
/*!40101 SET @saved_cs_client     = @@character_set_client */;
/*!40101 SET character_set_client = utf8 */;
CREATE TABLE `FUND_TRANSACTIONS` (
  `tuid` varchar(22) DEFAULT NULL,
  `uuid` varchar(22) DEFAULT NULL,
  `type` varchar(8) DEFAULT NULL,
  `amount` decimal(10,2) DEFAULT NULL,
  `date` varchar(10) DEFAULT NULL
) ENGINE=InnoDB DEFAULT CHARSET=utf8mb4;
/*!40101 SET character_set_client = @saved_cs_client */;

--
-- Dumping data for table `FUND_TRANSACTIONS`
--

LOCK TABLES `FUND_TRANSACTIONS` WRITE;
/*!40000 ALTER TABLE `FUND_TRANSACTIONS` DISABLE KEYS */;
INSERT INTO `FUND_TRANSACTIONS` VALUES ('9jJvu6SY2vgDJfsCqs3iDW','iDwf2cfe7ZjgXBTTB3cgCA','Deposit',123.00,'05-01-2023'),('9sTLfuD7YJLwifagcFZZsR','iDwf2cfe7ZjgXBTTB3cgCA','Withdraw',123.00,'05-01-2023'),('1QEQJmotim6PsaHtSshpqJ','7Wrp2ULtX1QSSg7mpCnDe9','Deposit',1000.00,'05-01-2023'),('ahMueS5G6BBU4rbshhX93Y','7Wrp2ULtX1QSSg7mpCnDe9','Deposit',200.00,'05-01-2023'),('dKKiMK1uwvqWdd1ELkq132','7Wrp2ULtX1QSSg7mpCnDe9','Withdraw',200.00,'05-01-2023'),('jrdK5dYvdneNtcovomrjjJ','iDwf2cfe7ZjgXBTTB3cgCA','Deposit',1000.00,'05-01-2023'),('dp7kSYsp3QrY7gJniHcDTy','iDwf2cfe7ZjgXBTTB3cgCA','Deposit',25000.00,'05-01-2023'),('usUw4mwaWgoikZcnqyW3At','iDwf2cfe7ZjgXBTTB3cgCA','Withdraw',6000.00,'05-01-2023'),('3xVNKHFLDx76JfMkTzx4wv','iDwf2cfe7ZjgXBTTB3cgCA','Withdraw',11872.40,'05-01-2023'),('tQajMXi81KwntEcCYc1Thw','iDwf2cfe7ZjgXBTTB3cgCA','Withdraw',3763.17,'05-01-2023'),('uSrwBahttiuWXrgm3XGAm6','iDwf2cfe7ZjgXBTTB3cgCA','Withdraw',3693.54,'05-01-2023'),('vMd4BJjkuj4wuoGzn7ryMF','iDwf2cfe7ZjgXBTTB3cgCA','Deposit',12105.70,'05-01-2023'),('gybNzpRa14wAZ98sqY5iqP','iDwf2cfe7ZjgXBTTB3cgCA','Withdraw',3880.50,'05-01-2023'),('kEM8ftYTr1s1xDppnAUDpg','iDwf2cfe7ZjgXBTTB3cgCA','Withdraw',1285.48,'05-01-2023'),('pfQwo2VzWnppJ3tZKdLUHY','iDwf2cfe7ZjgXBTTB3cgCA','Withdraw',6422.70,'05-01-2023'),('1VkyLVz9YkspmJh4N4iypT','iDwf2cfe7ZjgXBTTB3cgCA','Withdraw',920.92,'05-01-2023'),('c9GFkHQTXmayxrQxg57APq','iDwf2cfe7ZjgXBTTB3cgCA','Deposit',5000.00,'05-01-2023'),('cGn1FrAnyTjMLMraF9eruw','iDwf2cfe7ZjgXBTTB3cgCA','Withdraw',266.00,'05-01-2023'),('7VbjyniRttbPGtvNRsQusM','iDwf2cfe7ZjgXBTTB3cgCA','Deposit',500.00,'05-01-2023'),('tS7mWPp49yDmHWheafD89j','rG2ftwYrrysUE8ed2XUdUJ','Deposit',10000.00,'07-01-2023'),('puedYPzCMQV7v3dQEhxwaQ','rG2ftwYrrysUE8ed2XUdUJ','Withdraw',9040.70,'07-01-2023'),('uRvHXNdWqphbhSGvbKJCJu','rG2ftwYrrysUE8ed2XUdUJ','Deposit',7713.90,'07-01-2023'),('iEskyfqMGCXqXjRL3vxDy8','rG2ftwYrrysUE8ed2XUdUJ','Withdraw',10000.00,'07-01-2023'),('xuLCUGH29hEhofou4aA9pE','rG2ftwYrrysUE8ed2XUdUJ','Deposit',1326.00,'07-01-2023'),('dsLKKVZ671w5JoD6zJUdzP','rG2ftwYrrysUE8ed2XUdUJ','Deposit',1.00,'07-01-2023'),('tpeC3aFtvd4wQiTW8CutGz','iDwf2cfe7ZjgXBTTB3cgCA','Withdraw',60000.00,'08-01-2023'),('bUoXVG6pU26r6WN1b29Ub6','iDwf2cfe7ZjgXBTTB3cgCA','Deposit',2342342.00,'08-01-2023'),('95gMb1ajcLYwXVp8KsRsfS','iDwf2cfe7ZjgXBTTB3cgCA','Withdraw',2287843.00,'08-01-2023'),('pKKKdVsNJm2EMbMtgKXX96','iDwf2cfe7ZjgXBTTB3cgCA','Deposit',19.00,'08-01-2023'),('s4PmuvAGZmqKiEcyx6TM4H','iDwf2cfe7ZjgXBTTB3cgCA','Withdraw',29.00,'08-01-2023'),('7PihRCFfqME6BSmKCnqEEK','iDwf2cfe7ZjgXBTTB3cgCA','Deposit',29.00,'08-01-2023'),('u5BziabTCf3mnbjG22GW8z','1MMymeMkpwdsRJhwwbAR43','Deposit',10000.00,'08-01-2023'),('voTicL2iU2Fjk749tLWEvs','1MMymeMkpwdsRJhwwbAR43','Withdraw',1764.53,'08-01-2023'),('2KrisSrHdegDm18sUYYpPu','iDwf2cfe7ZjgXBTTB3cgCA','Deposit',1504.12,'09-01-2023'),('7RJo2raqHLZfAHJUKVvrF6','iDwf2cfe7ZjgXBTTB3cgCA','Deposit',7467.80,'09-01-2023'),('9XLhyEVDgd4FYPxEVX4wHH','qbYLANEQAKtTyK9L6Vi5ex','Deposit',10000.00,'09-01-2023'),('2UpeK9wYbJ6WdJoQqFQJNm','qbYLANEQAKtTyK9L6Vi5ex','Withdraw',5833.45,'09-01-2023'),('x35hvV7V1khtyYGEALhs6p','iDwf2cfe7ZjgXBTTB3cgCA','Deposit',18197.70,'16-01-2023'),('jYtzEoaTXvrokNwnath7NW','iDwf2cfe7ZjgXBTTB3cgCA','Deposit',22669.28,'16-01-2023'),('onS1QAFezvsdTt5eY3AdMX','iDwf2cfe7ZjgXBTTB3cgCA','Deposit',100.00,'16-01-2023'),('rCvqWv846p5kUfzZ6JVgM2','iDwf2cfe7ZjgXBTTB3cgCA','Withdraw',40000.00,'16-01-2023'),('2sHjAY39gjPypWoJGGiyKa','iDwf2cfe7ZjgXBTTB3cgCA','Withdraw',461.24,'16-01-2023'),('fcfn5sN5V9jTCEHssBNnjn','iDwf2cfe7ZjgXBTTB3cgCA','Deposit',460.30,'16-01-2023'),('qCCEi4znELNBMbAcCEbB7p','qH5ZzVrbajCVABqxfFkQhf','Deposit',10000.00,'16-01-2023'),('bSAfDRkMcwLiQi54Fk6xHf','qH5ZzVrbajCVABqxfFkQhf','Withdraw',6783.90,'16-01-2023'),('g3SRLVZmDXyXs6kUaryrHh','o2dxHJbHeMD4EpB4wnCutQ','Deposit',10000.00,'16-01-2023'),('evSu2AC5sxpBN1JzM1d9t3','o2dxHJbHeMD4EpB4wnCutQ','Withdraw',468.26,'16-01-2023'),('mAG39CLnK9sueGsKjBGwJQ','iDwf2cfe7ZjgXBTTB3cgCA','Withdraw',4474.44,'18-01-2023'),('hPeuVC8EDB9bUBdpXZRSPx','iDwf2cfe7ZjgXBTTB3cgCA','Withdraw',1138.60,'18-01-2023'),('7PEUTR6ZxqM7Jmy6PpMh8H','iDwf2cfe7ZjgXBTTB3cgCA','Deposit',50000.00,'18-01-2023'),('gr4MqmHsT6aDm8GWj2DN7T','iDwf2cfe7ZjgXBTTB3cgCA','Withdraw',19019.30,'18-01-2023'),('nh8B8YbMYKfdqvzdbphD2G','iDwf2cfe7ZjgXBTTB3cgCA','Withdraw',19996.32,'18-01-2023'),('ncs2tuKoPSzfGacTCjDicG','iDwf2cfe7ZjgXBTTB3cgCA','Deposit',8331.80,'18-01-2023'),('263RYPMU84dhWawoAqyBvc','iDwf2cfe7ZjgXBTTB3cgCA','Deposit',12343454.00,'19-01-2023'),('sTMzNFuRBRGRyezeiiR9V7','iDwf2cfe7ZjgXBTTB3cgCA','Withdraw',2544.30,'19-01-2023'),('qxzv7VmExFt7NwJWNTk6K9','iDwf2cfe7ZjgXBTTB3cgCA','Withdraw',3475.88,'19-01-2023'),('jUMXWQekTMen68D9EgQBpg','iDwf2cfe7ZjgXBTTB3cgCA','Withdraw',3019.56,'19-01-2023'),('82SRDi7W7z8bCeZTBRSFo6','iDwf2cfe7ZjgXBTTB3cgCA','Withdraw',5033.76,'19-01-2023'),('wvdi6xaYKR8hD5rt9ngKZB','iDwf2cfe7ZjgXBTTB3cgCA','Withdraw',3665.86,'19-01-2023'),('iqumJHxyF3QuSdhB8MzWFS','iDwf2cfe7ZjgXBTTB3cgCA','Withdraw',715.68,'19-01-2023'),('u6ijzhmwnA27AcwjuXmaT5','iDwf2cfe7ZjgXBTTB3cgCA','Withdraw',6322.05,'19-01-2023'),('3EXMrKAM1CSZfiXKFkzR53','iDwf2cfe7ZjgXBTTB3cgCA','Withdraw',1969.20,'19-01-2023'),('7c9YV9hcJTCC1WsMzeiQRv','bcahzTx2X1LpoztcdBvPvh','Deposit',1000.00,'10-11-2024'),('q9VX5x1K5H8rPxag1Hs4o9','bcahzTx2X1LpoztcdBvPvh','Withdraw',975.64,'10-11-2024'),('a8iD2edxWTmBJoefFcvgw8','bcahzTx2X1LpoztcdBvPvh','Deposit',1043.48,'14-11-2024'),('wtnzPsciTwcWgS6mH6j6Mm','bcahzTx2X1LpoztcdBvPvh','Withdraw',1064.00,'14-11-2024'),('3jJQ8bbTcGK9gi6nZvbdzd','taP1oBi8y9RHJueLGL8G1j','Deposit',10000.00,'20-11-2024'),('vyXNRuMeG9Kp6HWchLrNv9','taP1oBi8y9RHJueLGL8G1j','Deposit',1200.00,'20-11-2024'),('4P9mzpD8swx96Jtdi834sq','taP1oBi8y9RHJueLGL8G1j','Withdraw',4584.14,'20-11-2024'),('eaYjN9Qxzvzohv6Ds4pnmi','taP1oBi8y9RHJueLGL8G1j','Withdraw',4318.15,'20-11-2024'),('hm76FVabMRXryvGtcALjJK','taP1oBi8y9RHJueLGL8G1j','Deposit',1749.48,'20-11-2024'),('v8xLEmo829aFTULwVPnYQm','bcahzTx2X1LpoztcdBvPvh','Deposit',25000.00,'20-11-2024'),('85MQyNyaznuLeekXj8UqwS','bcahzTx2X1LpoztcdBvPvh','Withdraw',4253.30,'20-11-2024'),('u3zXhLJSXAHrshJxsCztxS','bcahzTx2X1LpoztcdBvPvh','Withdraw',6504.00,'20-11-2024'),('4oEepvuzvTVRbwa9KhHwkD','bcahzTx2X1LpoztcdBvPvh','Withdraw',13142.48,'20-11-2024'),('5TCG6jTALjDcHNohym7TQ8','bcahzTx2X1LpoztcdBvPvh','Deposit',8429.40,'20-11-2024'),('vvT3CFFVEyou7CtQ2tzygN','bcahzTx2X1LpoztcdBvPvh','Deposit',3955.59,'20-11-2024');
/*!40000 ALTER TABLE `FUND_TRANSACTIONS` ENABLE KEYS */;
UNLOCK TABLES;

--
-- Table structure for table `IND_COMPANIES`
--

DROP TABLE IF EXISTS `IND_COMPANIES`;
/*!40101 SET @saved_cs_client     = @@character_set_client */;
/*!40101 SET character_set_client = utf8 */;
CREATE TABLE `IND_COMPANIES` (
  `inuid` varchar(15) DEFAULT NULL,
  `name` varchar(52) DEFAULT NULL,
  `symbol` varchar(10) DEFAULT NULL,
  `industry` varchar(30) DEFAULT NULL,
  `description` varchar(0) DEFAULT NULL,
  `no_equity` varchar(0) DEFAULT NULL
) ENGINE=InnoDB DEFAULT CHARSET=utf8mb4;
/*!40101 SET character_set_client = @saved_cs_client */;

--
-- Dumping data for table `IND_COMPANIES`
--

LOCK TABLES `IND_COMPANIES` WRITE;
/*!40000 ALTER TABLE `IND_COMPANIES` DISABLE KEYS */;
INSERT INTO `IND_COMPANIES` VALUES ('zM1hVfUSwKz0CnP','Adani Green Energy Ltd.','ADANIGREEN','Power','',''),('JndUgiDZDb2kPVC','Adani Transmission Ltd.','ADANITRANS','Power','',''),('cKjbaC4d34Lgh-H','Ambuja Cements Ltd.','AMBUJACEM','Construction Materials','',''),('C8XWaAcD-IUtxuf','Adani Total Gas Ltd.','ATGL','Oil Gas & Consumable Fuels','',''),('abrBGE8RB4fYKg6','Apollo Hospitals Enterprise Ltd.','APOLLOHOSP','Healthcare','',''),('q5O9eudx7sfCyxb','Axis Bank Ltd.','AXISBANK','Financial Services','',''),('NgID4d0i7h8-UmY','Avenue Supermarts Ltd.','DMART','Consumer Services','',''),('Yk-z3a217ezINv8','Bajaj Auto Ltd.','BAJAJ-AUTO','Automobile and Auto Components','',''),('9KSxOYAcZ8miAhh','Asian Paints Ltd.','ASIANPAINT','Consumer Durables','',''),('NMYAaFN66EW_gbf','Bajaj Finserv Ltd.','BAJAJFINSV','Financial Services','',''),('bH34_bipJTVYRAK','Bajaj Finance Ltd.','BAJFINANCE','Financial Services','',''),('qHwmV4gC5scPPKk','Bajaj Holdings & Investment Ltd.','BAJAJHLDNG','Financial Services','',''),('ac1MJEp31ws6Ey2','Bank of Baroda','BANKBARODA','Financial Services','',''),('CvR2MZNBrl78143','Berger Paints India Ltd.','BERGEPAINT','Consumer Durables','',''),('-7TXEIYc1-9SikZ','Bandhan Bank Ltd.','BANDHANBNK','Financial Services','',''),('5yEbfPdbhPXmn-D','Bharti Airtel Ltd.','BHARTIARTL','Telecommunication','',''),('_90HtaCJf-PQ9Xp','Bharat Petroleum Corporation Ltd.','BPCL','Oil Gas & Consumable Fuels','',''),('Qv5muWU2w-GD7In','Biocon Ltd.','BIOCON','Healthcare','',''),('esmw10dvFmc5nsQ','Bharat Electronics Ltd.','BEL','Capital Goods','',''),('-PZAXmm-BrBpm3O','Bosch Ltd.','BOSCHLTD','Automobile and Auto Components','',''),('hb4t_-7y2C_aJ-M','Cholamandalam Investment and Finance Company Ltd.','CHOLAFIN','Financial Services','',''),('QPfO7EdBWkeO7E3','Cipla Ltd.','CIPLA','Healthcare','',''),('51fnMBsCjMoqDQz','Coal India Ltd.','COALINDIA','Oil Gas & Consumable Fuels','',''),('OZytv9eYJ3lv8yo','Colgate Palmolive (India) Ltd.','COLPAL','Fast Moving Consumer Goods','',''),('CHruqnSuHG5jNMF','Britannia Industries Ltd.','BRITANNIA','Fast Moving Consumer Goods','',''),('ILdi5S1c1ptrLYg','DLF Ltd.','DLF','Realty','',''),('7mahDoQAylA-4wB','Dabur India Ltd.','DABUR','Fast Moving Consumer Goods','',''),('SS7Pg8-uWuk7_X0','Dr. Reddy\'s Laboratories Ltd.','DRREDDY','Healthcare','',''),('zs6OeUCqEXyyQEg','Eicher Motors Ltd.','EICHERMOT','Automobile and Auto Components','',''),('V8HJRhC1dvfLEQB','GAIL (India) Ltd.','GAIL','Oil Gas & Consumable Fuels','',''),('6Gnzckys437KveY','Gland Pharma Ltd.','GLAND','Healthcare','',''),('EAITtPVWft_0EYY','Divi\'s Laboratories Ltd.','DIVISLAB','Healthcare','',''),('_pMgw26ISkPKioT','FSN E-Commerce Ventures Ltd.','NYKAA','Consumer Services','',''),('OcjtQwmx1hSWNYB','Godrej Consumer Products Ltd.','GODREJCP','Fast Moving Consumer Goods','',''),('SiwFnOauqG8J9gf','Grasim Industries Ltd.','GRASIM','Construction Materials','',''),('plSphAqC123z6fM','HDFC Bank Ltd.','HDFCBANK','Financial Services','',''),('BzjMW1zskogqflN','Havells India Ltd.','HAVELLS','Consumer Durables','',''),('uKZ_Q02iOiIwSpx','HDFC Life Insurance Company Ltd.','HDFCLIFE','Financial Services','',''),('8SAqSeshz3KXw-c','HDFC Asset Management Company Ltd.','HDFCAMC','Financial Services','',''),('XX_XIFN7_QmkBfm','Hero MotoCorp Ltd.','HEROMOTOCO','Automobile and Auto Components','',''),('TAaWeRLKnkYUpGD','Hindustan Aeronautics Ltd.','HAL','Capital Goods','',''),('5a6blMaWhRFceU3','HCL Technologies Ltd.','HCLTECH','Information Technology','',''),('0a0mQURX1FXULmN','ICICI Bank Ltd.','ICICIBANK','Financial Services','',''),('S-ZvVFHJjbdWaka','Housing Development Finance Corporation Ltd.','HDFC','Financial Services','',''),('rx83iBAPU8dSk0F','Hindalco Industries Ltd.','HINDALCO','Metals & Mining','',''),('OXt6KrokfKpmxkV','Hindustan Unilever Ltd.','HINDUNILVR','Fast Moving Consumer Goods','',''),('fNfZa3qwiIQga6l','Indian Oil Corporation Ltd.','IOC','Oil Gas & Consumable Fuels','',''),('iTHW4qAeB9U09pp','ICICI Lombard General Insurance Company Ltd.','ICICIGI','Financial Services','',''),('5MhfuY8njYsxCIo','ICICI Prudential Life Insurance Company Ltd.','ICICIPRULI','Financial Services','',''),('P8RGTT3rB4hGj0b','ITC Ltd.','ITC','Fast Moving Consumer Goods','',''),('MjkXj7VRJ23blJP','Indian Railway Catering And Tourism Corporation Ltd.','IRCTC','Consumer Services','',''),('lTnur9ryIK-5FJp','IndusInd Bank Ltd.','INDUSINDBK','Financial Services','',''),('L6VAWLq-8gmsB9P','Infosys Ltd.','INFY','Information Technology','',''),('Z36Z1etipXr8Nb9','InterGlobe Aviation Ltd.','INDIGO','Services','',''),('fzygqHE6tPYI972','Indus Towers Ltd.','INDUSTOWER','Telecommunication','',''),('dODGnyDCjRvOJk6','LTIMindtree Ltd.','LTIM','Information Technology','',''),('hXNmAR_yt1m5iFl','JSW Steel Ltd.','JSWSTEEL','Metals & Mining','',''),('P_233aeQG1J8vFk','Kotak Mahindra Bank Ltd.','KOTAKBANK','Financial Services','',''),('nk-_4j02HALtnmg','Info Edge (India) Ltd.','NAUKRI','Consumer Services','',''),('ntNaRB_P7luL8Ag','Larsen & Toubro Ltd.','LT','Construction','',''),('KssA4JB1N_RjuDb','Marico Ltd.','MARICO','Fast Moving Consumer Goods','',''),('CvK67eBIEiVzLDw','Life Insurance Corporation of India','LICI','Financial Services','',''),('4mBmQQHAdMMGnBH','Muthoot Finance Ltd.','MUTHOOTFIN','Financial Services','',''),('B22JndmOoIijVxu','Mahindra & Mahindra Ltd.','M&M','Automobile and Auto Components','',''),('getvVcCLBDjGgh6','NTPC Ltd.','NTPC','Power','',''),('ua5b9jqLJGGESIA','Nestle India Ltd.','NESTLEIND','Fast Moving Consumer Goods','',''),('3pmOkMoNWC07bj7','Oil & Natural Gas Corporation Ltd.','ONGC','Oil Gas & Consumable Fuels','',''),('JOM7UadyOHS6U4K','PI Industries Ltd.','PIIND','Chemicals','',''),('wZBG3akVELm1cdq','MphasiS Ltd.','MPHASIS','Information Technology','',''),('28e88s9T5hfwznh','Pidilite Industries Ltd.','PIDILITIND','Chemicals','',''),('eit9wc09XfUlyAZ','Maruti Suzuki India Ltd.','MARUTI','Automobile and Auto Components','',''),('bv87dJ6ebm0kVlu','Procter & Gamble Hygiene & Health Care Ltd.','PGHH','Fast Moving Consumer Goods','',''),('jhAD7WiQKfl9cUz','Reliance Industries Ltd.','RELIANCE','Oil Gas & Consumable Fuels','',''),('i_6-0xvXqlaLr8V','One 97 Communications Ltd.','PAYTM','Financial Services','',''),('DKHkjugGVUz3JWH','Power Grid Corporation of India Ltd.','POWERGRID','Power','',''),('8PHp_YU3ZLQ9sfU','SRF Ltd.','SRF','Chemicals','',''),('3VyCM9mNr-WM3uo','SBI Cards and Payment Services Ltd.','SBICARD','Financial Services','',''),('zeqbKx_MMtPTffT','Siemens Ltd.','SIEMENS','Capital Goods','',''),('KADxbSS-amQemzz','SBI Life Insurance Company Ltd.','SBILIFE','Financial Services','',''),('bcJgzyfefAuwH_e','State Bank of India','SBIN','Financial Services','',''),('Jbm2rUg_TLh7JZC','Shree Cement Ltd.','SHREECEM','Construction Materials','',''),('MXtdjGB6SLH-4Vo','Samvardhana Motherson International Ltd.','MOTHERSON','Automobile and Auto Components','',''),('E6MgvjIdfKcKZPx','Sun Pharmaceutical Industries Ltd.','SUNPHARMA','Healthcare','',''),('gT3NZ0DQB6DaBXJ','Tata Motors Ltd.','TATAMOTORS','Automobile and Auto Components','',''),('RLOUOu2_BC02ZfR','Tata Consumer Products Ltd.','TATACONSUM','Fast Moving Consumer Goods','',''),('ZxnZFPr8sIBL-3x','Tata Consultancy Services Ltd.','TCS','Information Technology','',''),('K4DCjcPASXZJjS8','Tata Steel Ltd.','TATASTEEL','Metals & Mining','',''),('ZsZdwYb0aEDM9gd','Tech Mahindra Ltd.','TECHM','Information Technology','',''),('Li3O3zGpbVZkWKs','Tata Power Co. Ltd.','TATAPOWER','Power','',''),('wicoC3YcN7u3sk4','UPL Ltd.','UPL','Chemicals','',''),('Sc9bThfV3fp4yRT','Torrent Pharmaceuticals Ltd.','TORNTPHARM','Healthcare','',''),('CrZ_gnBkSf68zGU','Titan Company Ltd.','TITAN','Consumer Durables','',''),('0OviyKoA_dpGD0w','United Spirits Ltd.','MCDOWELL-N','Fast Moving Consumer Goods','',''),('Z-kcXkTO4YHNt5e','Vedanta Ltd.','VEDL','Metals & Mining','',''),('ITaKw7mgkBnisBN','Zomato Ltd.','ZOMATO','Consumer Services','',''),('90aEKzF4gACzt6p','UltraTech Cement Ltd.','ULTRACEMCO','Construction Materials','',''),('EJR_AxfDLmaLjMM','Wipro Ltd.','WIPRO','Information Technology','',''),('IbxEI3MkITILxvA','Adani Enterprises Ltd.','ADANIENT','Metals & Mining','',''),('-G-nReXq0dKH5RJ','Adani Ports and Special Economic Zone Ltd.','ADANIPORTS','Services','',''),('vc4PneBQ8MdCFcM','ACC Ltd.','ACC','Construction Materials','','');
/*!40000 ALTER TABLE `IND_COMPANIES` ENABLE KEYS */;
UNLOCK TABLES;

--
-- Table structure for table `TRANSACTIONS`
--

DROP TABLE IF EXISTS `TRANSACTIONS`;
/*!40101 SET @saved_cs_client     = @@character_set_client */;
/*!40101 SET character_set_client = utf8 */;
CREATE TABLE `TRANSACTIONS` (
  `tuid` varchar(22) DEFAULT NULL,
  `uuid` varchar(22) DEFAULT NULL,
  `symbol` varchar(10) DEFAULT NULL,
  `order_type` varchar(4) DEFAULT NULL,
  `date` varchar(10) DEFAULT NULL,
  `qty` tinyint(4) DEFAULT NULL,
  `price` decimal(6,2) DEFAULT NULL
) ENGINE=InnoDB DEFAULT CHARSET=utf8mb4;
/*!40101 SET character_set_client = @saved_cs_client */;

--
-- Dumping data for table `TRANSACTIONS`
--

LOCK TABLES `TRANSACTIONS` WRITE;
/*!40000 ALTER TABLE `TRANSACTIONS` DISABLE KEYS */;
INSERT INTO `TRANSACTIONS` VALUES ('8Sz2r3S36no7ofwBxtcm8L','iDwf2cfe7ZjgXBTTB3cgCA','TSLA','buy','04-01-2023',3,878.36),('cRZswaZCrDX3rRALa8b3qU','iDwf2cfe7ZjgXBTTB3cgCA','TSLA','buy','04-01-2023',4,881.61),('wsKoXW4DgV3ZV9A7c16tn1','iDwf2cfe7ZjgXBTTB3cgCA','AAPL','buy','04-01-2023',10,3001.82),('8s3ySFXA9CkAp21ueuR2Ym','iDwf2cfe7ZjgXBTTB3cgCA','AAPL','sell','04-01-2023',1,3001.82),('dZKoHe9ksiUNWmEHn9KCDb','iDwf2cfe7ZjgXBTTB3cgCA','AAPL','buy','04-01-2023',4,2869.65),('eXVkDzkDmXvmtekAEwPz28','iDwf2cfe7ZjgXBTTB3cgCA','AAPL','buy','04-01-2023',3,2869.65),('nfp1sSxD2vmhGSp1K5JEaB','iDwf2cfe7ZjgXBTTB3cgCA','AAPL','buy','04-01-2023',7,2869.65),('nLGwTYmQdH7VpHH2oBjdeq','iDwf2cfe7ZjgXBTTB3cgCA','AAPL','buy','04-01-2023',2,2869.65),('qKYjDS8UhwPLza1hDCApZf','iDwf2cfe7ZjgXBTTB3cgCA','AAPL','sell','04-01-2023',5,2869.65),('o8fqujj4yUAb2b3gG3harz','iDwf2cfe7ZjgXBTTB3cgCA','AAPL','sell','04-01-2023',1,2869.65),('ozwfSbP6tTeNM7YqPCjc5e','iDwf2cfe7ZjgXBTTB3cgCA','TSLA','buy','04-01-2023',4,940.00),('kJvKj1Cg5mAhednDkm6RXN','iDwf2cfe7ZjgXBTTB3cgCA','TSLA','buy','04-01-2023',14,912.49),('n6j2K7Co4GKJvtkQoQdJyK','iDwf2cfe7ZjgXBTTB3cgCA','ITC','buy','04-01-2023',10,1048.51),('1NRy8b4J9MoYb1PvQCqjTe','iDwf2cfe7ZjgXBTTB3cgCA','ITC','sell','05-01-2023',4,1117.52),('jccNdTgXxsan3SS5mijWdD','iDwf2cfe7ZjgXBTTB3cgCA','ITC','sell','05-01-2023',2,1144.12),('7snVapWC8ekbobPLNMev2o','iDwf2cfe7ZjgXBTTB3cgCA','TSLA','sell','05-01-2023',4,960.19),('34oEETF3J7wWqQ3MEebSHA','iDwf2cfe7ZjgXBTTB3cgCA','TSLA','buy','05-01-2023',1,976.87),('iCS8DvVfFpS1RKxFei3mFz','iDwf2cfe7ZjgXBTTB3cgCA','TSLA','sell','05-01-2023',2,1001.98),('ojQSaeQWPiSgziWnMbPJer','iDwf2cfe7ZjgXBTTB3cgCA','TSLA','buy','05-01-2023',4,968.69),('qBwTL6Nfu43A81s8wmsuNU','iDwf2cfe7ZjgXBTTB3cgCA','TSLA','buy','05-01-2023',1,918.11),('1rvgH8KFS9KFidhzTPtt1j','iDwf2cfe7ZjgXBTTB3cgCA','TSLA','buy','05-01-2023',40,901.66),('pWizkpWzbTUfh1ctdhyGsQ','iDwf2cfe7ZjgXBTTB3cgCA','TSLA','sell','05-01-2023',65,926.73),('eWs5g2kETX7fSxzVYMiibj','iDwf2cfe7ZjgXBTTB3cgCA','TSLA','buy','05-01-2023',10,1187.24),('igaR6hHkRqoQANjEMu7F58','iDwf2cfe7ZjgXBTTB3cgCA','TSLA','buy','05-01-2023',3,1254.39),('oABM5dwQS16LCqSTE8onr9','iDwf2cfe7ZjgXBTTB3cgCA','TSLA','buy','05-01-2023',3,1231.18),('tg6WFrk3TkBU2nrwxVZ3vX','iDwf2cfe7ZjgXBTTB3cgCA','TSLA','sell','05-01-2023',10,1210.57),('pisWGhNRbjYUZyj5Wx3YPV','iDwf2cfe7ZjgXBTTB3cgCA','TSLA','buy','05-01-2023',3,1293.50),('cRaXtnyTGtadk9xLHxJmab','iDwf2cfe7ZjgXBTTB3cgCA','TSLA','buy','05-01-2023',1,1285.48),('1GTJdNH9ENQ9LRKDCDsXu6','iDwf2cfe7ZjgXBTTB3cgCA','TSLA','buy','05-01-2023',5,1284.54),('i1yXVu1t1WmaTuEzZDHicJ','iDwf2cfe7ZjgXBTTB3cgCA','NFLX','buy','05-01-2023',4,230.23),('kErVthfSP88LLAFQtNRkdG','rG2ftwYrrysUE8ed2XUdUJ','AAPL','buy','07-01-2023',10,904.07),('cyYEYU7svMiV7s1uzhYhhH','rG2ftwYrrysUE8ed2XUdUJ','AAPL','sell','07-01-2023',10,771.39),('eGSv7RQbBYsUfDxh5dpj7Y','1MMymeMkpwdsRJhwwbAR43','TSLA','buy','08-01-2023',1,1764.53),('r9Jh9meGiirnQtPRQqLgKs','iDwf2cfe7ZjgXBTTB3cgCA','NFLX','sell','09-01-2023',4,376.03),('225NGuf5FfQoQzbkB1oyw5','iDwf2cfe7ZjgXBTTB3cgCA','ITC','sell','09-01-2023',4,1866.95),('xmstFp9kMMAqEfWTeZKXTc','qbYLANEQAKtTyK9L6Vi5ex','GOOGL','buy','09-01-2023',5,1166.69),('63hSapdNZF6CYhjq38FnyL','iDwf2cfe7ZjgXBTTB3cgCA','TSLA','sell','16-01-2023',15,1213.18),('n87Eo9ukvKjyuhYXvzp9pr','iDwf2cfe7ZjgXBTTB3cgCA','AAPL','sell','16-01-2023',19,1193.12),('9NymRk66sTefAknqHe9AkF','iDwf2cfe7ZjgXBTTB3cgCA','INFY','buy','16-01-2023',1,461.24),('jRgD7Bov9CBj2q7DMGVNQU','iDwf2cfe7ZjgXBTTB3cgCA','INFY','sell','16-01-2023',1,460.30),('h93yMxwgGGSADtGoSq3GSY','qH5ZzVrbajCVABqxfFkQhf','GOOGL','buy','16-01-2023',5,1356.78),('7Y8S46PFgYwmmbTTXSTduD','o2dxHJbHeMD4EpB4wnCutQ','RELIANCE','buy','16-01-2023',2,234.13),('rUFVsqc83mfvgj5pEzayt9','iDwf2cfe7ZjgXBTTB3cgCA','AAPL','buy','18-01-2023',3,1491.48),('rvDeu8fMqkQp3S2JwozHiu','iDwf2cfe7ZjgXBTTB3cgCA','NFLX','buy','18-01-2023',4,284.65),('tRfaXMevrxM7Sc1odW4Uqo','iDwf2cfe7ZjgXBTTB3cgCA','TCS','buy','18-01-2023',5,3803.86),('nupBjAw9Uq44weGYvNdn6h','iDwf2cfe7ZjgXBTTB3cgCA','ITC','buy','18-01-2023',12,1666.36),('xaEEunnRkur6U6dTdNHAfk','iDwf2cfe7ZjgXBTTB3cgCA','ITC','sell','18-01-2023',5,1666.36),('wh8iV7ozaf4ih7oLnwgyzB','iDwf2cfe7ZjgXBTTB3cgCA','PTC','buy','19-01-2023',2,1272.15),('7HQ3CWv4bLLCB3ALDemeZW','iDwf2cfe7ZjgXBTTB3cgCA','PG','buy','19-01-2023',2,1737.94),('kxK7Uvjdc6FeJD4VShaer8','iDwf2cfe7ZjgXBTTB3cgCA','PYPL','buy','19-01-2023',3,1006.52),('qaf4zPNmhqD65yS9BfPuoE','iDwf2cfe7ZjgXBTTB3cgCA','IQV','buy','19-01-2023',3,1677.92),('uJHGaCCoHWpLz8htxzhese','iDwf2cfe7ZjgXBTTB3cgCA','UNH','buy','19-01-2023',2,1832.93),('5dH5CNWtYXssh5fU2eoxmC','iDwf2cfe7ZjgXBTTB3cgCA','WMT','buy','19-01-2023',3,238.56),('awxVufU1S6AEU2eDRc1TMn','iDwf2cfe7ZjgXBTTB3cgCA','WBA','buy','19-01-2023',3,2107.35),('53KYP7JzxBcv7gZoq2SgVp','iDwf2cfe7ZjgXBTTB3cgCA','PAYTM','buy','19-01-2023',3,656.40),('jmCCXZaD3rKEocnTG66dRp','bcahzTx2X1LpoztcdBvPvh','TATAMOTORS','buy','10-11-2024',2,487.82),('pNMJU52EadrETA9LdDLf8y','bcahzTx2X1LpoztcdBvPvh','TATAMOTORS','sell','14-11-2024',2,521.74),('hh5SbsV1kCRfXVhBFNtwW2','taP1oBi8y9RHJueLGL8G1j','ATGL','buy','20-11-2024',2,2292.07),('bxE8nQBFSN7f62E1D2ne8C','taP1oBi8y9RHJueLGL8G1j','KO','buy','20-11-2024',5,863.63),('p1jNNDHf7ghbnDcBwqhz65','taP1oBi8y9RHJueLGL8G1j','KO','sell','20-11-2024',2,874.74),('tvyghMuxZi5Ddf4u5BvpBi','bcahzTx2X1LpoztcdBvPvh','TECHM','buy','20-11-2024',10,425.33),('kwmdRdDD7UYgwTb3Y8si9R','bcahzTx2X1LpoztcdBvPvh','GOOGL','buy','20-11-2024',5,1300.80),('sCg8TEuN4GpBdyHMs5v9Ww','bcahzTx2X1LpoztcdBvPvh','AAPL','buy','20-11-2024',8,1642.81),('huAbLmvJ1C3AsP41BiaVEo','bcahzTx2X1LpoztcdBvPvh','AAPL','sell','20-11-2024',5,1685.88),('7mWnxTTKTJCLxv52ukXNBm','bcahzTx2X1LpoztcdBvPvh','TECHM','sell','20-11-2024',9,439.51);
/*!40000 ALTER TABLE `TRANSACTIONS` ENABLE KEYS */;
UNLOCK TABLES;

--
-- Table structure for table `USERS`
--

DROP TABLE IF EXISTS `USERS`;
/*!40101 SET @saved_cs_client     = @@character_set_client */;
/*!40101 SET character_set_client = utf8 */;
CREATE TABLE `USERS` (
  `uuid` varchar(22) DEFAULT NULL,
  `first_name` varchar(7) DEFAULT NULL,
  `last_name` varchar(6) DEFAULT NULL,
  `email` varchar(24) DEFAULT NULL,
  `password_hash` varchar(60) DEFAULT NULL,
  `dp_uri` varchar(26) DEFAULT NULL
) ENGINE=InnoDB DEFAULT CHARSET=utf8mb4;
/*!40101 SET character_set_client = @saved_cs_client */;

--
-- Dumping data for table `USERS`
--

LOCK TABLES `USERS` WRITE;
/*!40000 ALTER TABLE `USERS` DISABLE KEYS */;
INSERT INTO `USERS` VALUES ('iDwf2cfe7ZjgXBTTB3cgCA','rabeeh','ta','rabeeh@gmail.com','$2b$10$NDFpwsTgqxD0LQJFNMha..D.0t4FW4YJALQdWG7Pnd9JLAJrSn4Ue','dp_uri now not implemented'),('7Wrp2ULtX1QSSg7mpCnDe9','sinu','pedli','sinu@gmail.com','$2b$10$OUF/lvpmcBOwYwrutS20GOdK6mwSdOvMHAu8yb440ffdX3.pyT7H6','dp_uri now not implemented'),('rG2ftwYrrysUE8ed2XUdUJ','Muzzu','koli','muzzu@gmail.com','$2b$10$oQhTFORh3fgkt2kBql6b5eAQMgEZNQAmiw8RKJbcMfVPgsmUy/YxW','dp_uri now not implemented'),('1MMymeMkpwdsRJhwwbAR43','muneebu','beeb','muni@gmail.com','$2b$10$5iEO6hDGXNqTDQYC3I1MceCXMK0JFf0TUPO/a4y3ykHh8XLcKNeGa','dp_uri now not implemented'),('d4DeUdbXpxaqD91bmMLUht','niyaz','mohd','niyaz@gmail.com','$2b$10$2RQxp2eOKbMbdPEgeXaGEeHb22hWJQMwB42iRkXjVDlHmpY06YlUa','dp_uri now not implemented'),('qbYLANEQAKtTyK9L6Vi5ex','muneeb','mujeeb','muneeb@gmail.com','$2b$10$YNTYI86k32Xgad6NK3TQuusSGAD9rhxX1WAKuf04waZmGwWCUr/d.','dp_uri now not implemented'),('a8Az7ZPrGYuycJWWm3tGij','raziq','mk','raziq@gmail.com','$2b$10$UN7ebwBbic.FyRr3wj5s0O4THqW3p0VJHPeofzbqVL1Mh5zfyrcd2','dp_uri now not implemented'),('qH5ZzVrbajCVABqxfFkQhf','sulthan','Paris','sulthan@gmail.com','$2b$10$.jsMN8GBJyLL1gfIZOa9M.YBM4E2EIze2obzvGgnP9zEFsBJpxd0e','dp_uri now not implemented'),('o2dxHJbHeMD4EpB4wnCutQ','faiz','jaleel','faiz@gmail.com','$2b$10$FmDeoLmdIh0EuybyN5QYhOhATPhQF5H.J/D98dv7pJjMH4MeQGrau','dp_uri now not implemented'),('bcahzTx2X1LpoztcdBvPvh','M MOHAN','GOWDA','m123mohangowda@gmail.com','$2b$10$W0l2vtrGOWD.NjE.i44hUeesbZuHSTgGzb3JkQnNrmPNdV9kasfvq','dp_uri now not implemented'),('t8DHFHuUhY2YKTbfNDJgbu','Bhuvan','Anand','bhuvananand@gmail.com','$2b$10$UBKz8FRerRdfiInjbWdVPOxeR8oOZBJdr0ccFnze3QcPTGfPsSfsG','dp_uri now not implemented'),('taP1oBi8y9RHJueLGL8G1j','Bhuvan','Anand','bhuvananand123@gmail.com','$2b$10$2iDOQhvJGPCNzNi/m85MuezAVQ.ErbfSizO0tO8Gf6oDYRj3Pkjh.','dp_uri now not implemented');
/*!40000 ALTER TABLE `USERS` ENABLE KEYS */;
UNLOCK TABLES;

--
-- Table structure for table `US_COMPANIES`
--

DROP TABLE IF EXISTS `US_COMPANIES`;
/*!40101 SET @saved_cs_client     = @@character_set_client */;
/*!40101 SET character_set_client = utf8 */;
CREATE TABLE `US_COMPANIES` (
  `usuid` varchar(15) DEFAULT NULL,
  `name` varchar(31) DEFAULT NULL,
  `symbol` varchar(5) DEFAULT NULL,
  `industry` varchar(38) DEFAULT NULL,
  `description` text,
  `no_equity` varchar(0) DEFAULT NULL
) ENGINE=InnoDB DEFAULT CHARSET=utf8mb4;
/*!40101 SET character_set_client = @saved_cs_client */;

--
-- Dumping data for table `US_COMPANIES`
--

LOCK TABLES `US_COMPANIES` WRITE;
/*!40000 ALTER TABLE `US_COMPANIES` DISABLE KEYS */;
INSERT INTO `US_COMPANIES` VALUES ('Mz1BkG_i9J6emzA','Alphabet Inc.','GOOGL','Internet Content & Information','Alphabet Inc, provides various products and platforms in the United States, Europe, the Middle East, Africa, the Asia-Pacific, Canada, and Latin America',''),('b5-tAedCtsz_xjx','Johnson & Johnson','JNJ','Drug Manufacturers—General','Johnson & Johnson, together with its subsidiaries, researches and develops, manufactures, and sells various products in the healthcare field worldwide, The company\'s Consumer Health segment offers baby care products under the JOHNSON\'S and AVEENO Baby brands; oral care products under the LISTERINE brand; skin health/beauty products under the AVEENO, CLEAN & CLEAR, DR',''),('5Lz8uq2YuemOBc4','Exxon Mobil Corporation','XOM','Oil & Gas Integrated','Exxon Mobil Corporation explores for and produces crude oil and natural gas in the United States and internationally, It operates through Upstream, Downstream, and Chemical segments',''),('FWaJjfWbQ3TQdH0','UnitedHealth Group Incorporated','UNH','Healthcare Plans','UnitedHealth Group Incorporated operates as a diversified health care company in the United States, It operates through four segments: UnitedHealthcare, Optum Health, Optum Insight, and Optum Rx',''),('jYc0Fg3YpNOO-0R','Amazon.com, Inc.','AMZN','Internet Retail','Amazon,com, Inc',''),('QkuxFT1uch7A6Ya','Berkshire Hathaway Inc. New','BRK-B','Insurance—Diversified','Berkshire Hathaway Inc,, through its subsidiaries, engages in the insurance, freight rail transportation, and utility businesses worldwide',''),('17rQ_O0bnjB2KaW','Walmart Inc.','WMT','Discount Stores','Walmart Inc, engages in the operation of retail, wholesale, and other units worldwide',''),('fOqSp148J5qOalU','Procter & Gamble Company (The)','PG','Household & Personal Products','The Procter & Gamble Company provides branded consumer packaged goods worldwide, It operates through five segments: Beauty; Grooming; Health Care; Fabric & Home Care; and Baby, Feminine & Family Care',''),('bJ4C3rN-FgNPwhq','NVIDIA Corporation','NVDA','Semiconductors','NVIDIA Corporation provides graphics, and compute and networking solutions in the United States, Taiwan, China, and internationally, The company\'s Graphics segment offers GeForce GPUs for gaming and PCs, the GeForce NOW game streaming service and related infrastructure, and solutions for gaming platforms; Quadro/NVIDIA RTX GPUs for enterprise workstation graphics; vGPU software for cloud-based visual and virtual computing; automotive platforms for infotainment systems; and Omniverse software for building 3D designs and virtual worlds',''),('CnFyKSKIBwyK5zi','JP Morgan Chase & Co.','JPM','Banks—Diversified','JPMorgan Chase & Co, operates as a financial services company worldwide',''),('9xGXDzV5L0MJ2F0','Eli Lilly and Company','LLY','Drug Manufacturers—General','Eli Lilly and Company discovers, develops, and markets human pharmaceuticals worldwide, It offers Basaglar, Humalog, Humalog Mix 75/25, Humalog U-100, Humalog U-200, Humalog Mix 50/50, insulin lispro, insulin lispro protamine, insulin lispro mix 75/25, Humulin, Humulin 70/30, Humulin N, Humulin R, and Humulin U-500 for diabetes; and Jardiance, Trajenta, and Trulicity for type 2 diabetes',''),('JBUc08uK0aCbXB7','Mastercard Incorporated','MA','Credit Services','Mastercard Incorporated, a technology company, provides transaction processing and other payment-related products and services in the United States and internationally, It facilitates the processing of payment transactions, including authorization, clearing, and settlement, as well as delivers other payment-related products and services',''),('_sKalzoO2vmWKTU','Chevron Corporation','CVX','Oil & Gas Integrated','Chevron Corporation, through its subsidiaries, engages in integrated energy and chemicals operations worldwide, The company operates in two segments, Upstream and Downstream',''),('bYIr-l8_j1WZyRf','Merck & Company, Inc.','MRK','Drug Manufacturers—General','Merck & Co,, Inc',''),('JaS4p84zXKJyki8','Home Depot, Inc. (The)','HD','Home Improvement Retail','The Home Depot, Inc, operates as a home improvement retailer',''),('G23KbvE_yino1Qj','AbbVie Inc.','ABBV','Drug Manufacturers—General','AbbVie Inc, discovers, develops, manufactures, and sells pharmaceuticals in the worldwide',''),('5VBmrSU5ufy3kWJ','Pfizer, Inc.','PFE','Drug Manufacturers—General','Pfizer Inc, discovers, develops, manufactures, markets, distributes, and sells biopharmaceutical products worldwide',''),('z8iUeururFLthOZ','Bank of America Corporation','BAC','Banks—Diversified','Bank of America Corporation, through its subsidiaries, provides banking and financial products and services for individual consumers, small and middle-market businesses, institutional investors, large corporations, and governments worldwide, Its Consumer Banking segment offers traditional and money market savings accounts, certificates of deposit and IRAs, noninterest-and interest-bearing checking accounts, and investment accounts and products; and credit and debit cards, residential mortgages, and home equity loans, as well as direct and indirect loans, such as automotive, recreational vehicle, and consumer personal loans',''),('mNHqozJ8I10U_dx','Coca-Cola Company (The)','KO','Beverages—Non-Alcoholic','The Coca-Cola Company, a beverage company, manufactures, markets, and sells various nonalcoholic beverages worldwide, The company provides sparkling soft drinks; flavored and enhanced water, and sports drinks; juice, dairy, and plantbased beverages; tea and coffee; and energy drinks',''),('-LgWFx8FMfeHliw','Pepsico, Inc.','PEP','Beverages—Non-Alcoholic','PepsiCo, Inc, manufactures, markets, distributes, and sells various beverages and convenient foods worldwide',''),('rCCXuKL8FLmanZA','Thermo Fisher Scientific Inc','TMO','Diagnostics & Research','Thermo Fisher Scientific Inc, offers life sciences solutions, analytical instruments, specialty diagnostics, and laboratory products and service worldwide',''),('n8W9c5wS57TLt-W','Costco Wholesale Corporation','COST','Discount Stores','Costco Wholesale Corporation, together with its subsidiaries, engages in the operation of membership warehouses in the United States, Puerto Rico, Canada, the United Kingdom, Mexico, Japan, Korea, Australia, Spain, France, Iceland, China, and Taiwan, It offers branded and private-label products in a range of merchandise categories',''),('7bgOf3OTK1gZ66X','Broadcom Inc.','AVGO','Semiconductors','Broadcom Inc, designs, develops, and supplies various semiconductor devices with a focus on complex digital and mixed signal complementary metal oxide semiconductor based devices and analog III-V based products worldwide',''),('L8tQe0O3IbJls-n','Oracle Corporation','ORCL','Software—Infrastructure','Oracle Corporation offers products and services that address enterprise information technology environments worldwide, Its Oracle cloud software as a service offering include various cloud software applications, including Oracle Fusion cloud enterprise resource planning (ERP), Oracle Fusion cloud enterprise performance management, Oracle Fusion cloud supply chain and manufacturing management, Oracle Fusion cloud human capital management, Oracle Advertising, and NetSuite applications suite, as well as Oracle Fusion Sales, Service, and Marketing',''),('Wooac092vdXw7Zg','Cisco Systems, Inc.','CSCO','Communication Equipment','Cisco Systems, Inc, designs, manufactures, and sells Internet Protocol based networking and other products related to the communications and information technology industry in the Americas, Europe, the Middle East, Africa, the Asia Pacific, Japan, and China',''),('0xEop7MLu_63v3N','Abbott Laboratories','ABT','Medical Devices','Abbott Laboratories, together with its subsidiaries, discovers, develops, manufactures, and sells health care products worldwide, It operates in four segments: Established Pharmaceutical Products, Diagnostic Products, Nutritional Products, and Medical Devices',''),('LGJ1IbtLpWO1PsF','Danaher Corporation','DHR','Diagnostics & Research','Danaher Corporation designs, manufactures, and markets professional, medical, industrial, and commercial products and services worldwide, The company operates through three segments: Life Sciences, Diagnostics, and Environmental & Applied Solutions',''),('7KF1TdML3YO4Y6y','McDonald\'s Corporation','MCD','Restaurants','McDonald\'s Corporation operates and franchises McDonald\'s restaurants in the United States and internationally, Its restaurants offer hamburgers and cheeseburgers, chicken sandwiches and nuggets, wraps, fries, salads, oatmeal, shakes, desserts, sundaes, soft serve cones, bakery items, soft drinks, coffee, and beverages and other beverages, as well as breakfast menu, including biscuit and bagel sandwiches, breakfast burritos, hotcakes, and other sandwiches',''),('jdirMYaVOtt4Gks','Accenture plc','ACN','Information Technology Services','Accenture plc, a professional services company, provides strategy and consulting, interactive, industry X, song, and technology and operation services worldwide, The company offers application services, including agile transformation, DevOps, application modernization, enterprise architecture, software and quality engineering, data management, intelligent automation comprises robotic process automation, natural language processing, and virtual agents, and application management services, as well as software engineering services; strategy and consulting services; data and analytics strategy, data discovery and augmentation, data management and beyond, data democratization, and industrialized solutions comprises turnkey analytics and artificial intelligence (AI) solutions; metaverse; and sustainability services',''),('cFteQKxP2NrQOz3','T-Mobile US, Inc.','TMUS','Telecom Services','T-Mobile US, Inc,, together with its subsidiaries, provides mobile communications services in the United States, Puerto Rico, and the United States Virgin Islands',''),('RLOfMX7UUZc4J9O','Nike, Inc.','NKE','Footwear & Accessories','NIKE, Inc,, together with its subsidiaries, designs, develops, markets, and sells men\'s, women\'s, and kids athletic footwear, apparel, equipment, and accessories worldwide',''),('_WgPYRALhrYUWUy','Walt Disney Company (The)','DIS','Entertainment','The Walt Disney Company, together with its subsidiaries, operates as an entertainment company worldwide, It operates through two segments, Disney Media and Entertainment Distribution; and Disney Parks, Experiences and Products',''),('Mpkss3ItCpd2zT9','Alphabet Inc.','GOOG','Internet Content & Information','Alphabet Inc, provides various products and platforms in the United States, Europe, the Middle East, Africa, the Asia-Pacific, Canada, and Latin America',''),('rkI0Bpz6GMN84mX','NextEra Energy, Inc.','NEE','Utilities—Regulated Electric','NextEra Energy, Inc,, through its subsidiaries, generates, transmits, distributes, and sells electric power to retail and wholesale customers in North America',''),('7d3ySM_SR6dZID9','Wells Fargo & Company','WFC','Banks—Diversified','Wells Fargo & Company, a diversified financial services company, provides banking, investment, mortgage, and consumer and commercial finance products and services in the United States and internationally, It operates through four segments: Consumer Banking and Lending; Commercial Banking; Corporate and Investment Banking; and Wealth and Investment Management',''),('JrYNfHZ-6ZjI3sK','Linde plc','LIN','Specialty Chemicals','Linde plc operates as an industrial gas and engineering company in North and South America, Europe, the Middle East, Africa, and the Asia Pacific, It offers atmospheric gases, including oxygen, nitrogen, argon, and rare gases; and process gases, such as carbon dioxide, helium, hydrogen, electronic gases, specialty gases, and acetylene',''),('moO9lpGht3auiZQ','Bristol-Myers Squibb Company','BMY','Drug Manufacturers—General','Bristol-Myers Squibb Company discovers, develops, licenses, manufactures, and markets biopharmaceutical products worldwide, It offers products for hematology, oncology, cardiovascular, immunology, fibrotic, neuroscience, and covid-19 diseases',''),('b-f3Jhw9j9hMt0C','Comcast Corporation','CMCSA','Telecom Services','Comcast Corporation operates as a media and technology company worldwide, It operates through Cable Communications, Media, Studios, Theme Parks, and Sky segments',''),('k7yYRa9YatO5wKJ','Tesla, Inc.','TSLA','Auto Manufacturers','Tesla, Inc, designs, develops, manufactures, leases, and sells electric vehicles, and energy generation and storage systems in the United States, China, and internationally',''),('gHav1Ddz44g-fJr','United Parcel Service, Inc.','UPS','Integrated Freight & Logistics','United Parcel Service, Inc, provides letter and package delivery, transportation, logistics, and related services',''),('glpOy62ZZHq7CSP','Texas Instruments Incorporated','TXN','Semiconductors','Texas Instruments Incorporated designs, manufactures, and sells semiconductors to electronics designers and manufacturers worldwide, It operates in two segments, Analog and Embedded Processing',''),('LhFnbZwXaUakgrm','Adobe Inc.','ADBE','Software—Infrastructure','Adobe Inc, operates as a diversified software company worldwide',''),('fA2mv2gKggXsLu2','Verizon Communications Inc.','VZ','Telecom Services','Verizon Communications Inc,, through its subsidiaries, offers communications, technology, information, and entertainment products and services to consumers, businesses, and governmental entities worldwide',''),('eN0zq16LM1N-zI1','ConocoPhillips','COP','Oil & Gas E&P','ConocoPhillips explores for, produces, transports, and markets crude oil, bitumen, natural gas, liquefied natural gas (LNG), and natural gas liquids worldwide, It primarily engages in the conventional and tight oil reservoirs, shale gas, heavy oil, LNG, oil sands, and other production operations',''),('uXrp87-YqCChE5S','Raytheon Technologies Corporati','RTX','Aerospace & Defense','Raytheon Technologies Corporation, an aerospace and defense company, provides systems and services for the commercial, military, and government customers worldwide, It operates through four segments: Collins Aerospace Systems, Pratt & Whitney, Raytheon Intelligence & Space, and Raytheon Missiles & Defense',''),('jB5fxM-ZByl279q','Honeywell International Inc.','HON','Conglomerates','Honeywell International Inc, operates as a diversified technology and manufacturing company worldwide',''),('XXITmL1SLCi9lwc','Philip Morris International Inc','PM','Tobacco','Philip Morris International Inc, operates as a tobacco company working to delivers a smoke-free future and evolving portfolio for the long-term to include products outside of the tobacco and nicotine sector',''),('DVa3jFOJOWImYHM','Charles Schwab Corporation (The','SCHW','Capital Markets','The Charles Schwab Corporation, together with its subsidiaries, provides wealth management, securities brokerage, banking, asset management, custody, and financial advisory services, The company operates in two segments, Investor Services and Advisor Services',''),('m9biSRu1yiNu_ew','Amgen Inc.','AMGN','Drug Manufacturers—General','Amgen Inc, discovers, develops, manufactures, and delivers human therapeutics worldwide',''),('jd9Rl93fcuZ_hoI','Lowe\'s Companies, Inc.','LOW','Home Improvement Retail','Lowe\'s Companies, Inc,, together with its subsidiaries, operates as a home improvement retailer in the United States and internationally',''),('MHCJGPwb7yocXLK','Union Pacific Corporation','UNP','Railroads','Union Pacific Corporation, through its subsidiary, Union Pacific Railroad Company, operates in the railroad business in the United States, The company offers transportation services for grain and grain products, fertilizers, food and refrigerated products, and coal and renewables to grain processors, animal feeders, ethanol producers, and other agricultural users; petroleum, and liquid petroleum gases; and construction products, industrial chemicals, plastics, forest products, specialized products, metals and ores, soda ash, and sand, as well as finished automobiles, automotive parts, and merchandise in intermodal containers',''),('mlb4mMTy_ZCih4p','QUALCOMM Incorporated','QCOM','Semiconductors','QUALCOMM Incorporated engages in the development and commercialization of foundational technologies for the wireless industry worldwide, The company operates through three segments: Qualcomm CDMA Technologies (QCT); Qualcomm Technology Licensing (QTL); and Qualcomm Strategic Initiatives (QSI)',''),('rVuvqva5XZj51qz','Netflix, Inc.','NFLX','Entertainment','Netflix, Inc, provides entertainment services',''),('hijRgLKiqCsjVGl','AT&T Inc.','T','Telecom Services','AT&T Inc, provides telecommunications, media, and technology services worldwide',''),('BGhc7JiqROYInMr','International Business Machines','IBM','Information Technology Services','International Business Machines Corporation provides integrated solutions and services worldwide, The company operates through four business segments: Software, Consulting, Infrastructure, and Financing',''),('cVXQnJjf48w-VNa','Deere & Company','DE','Farm & Heavy Construction Machinery','Deere & Company manufactures and distributes various equipment worldwide, The company operates through four segments: Production and Precision Agriculture, Small Agriculture and Turf, Construction and Forestry, and Financial Services',''),('1zRk_9xiIMSQf5H','CVS Health Corporation','CVS','Healthcare Plans','CVS Health Corporation provides health services in the United States, The company\'s Health Care Benefits segment offers traditional, voluntary, and consumer-directed health insurance products and related services',''),('htkJecbjyUQXK3O','Caterpillar, Inc.','CAT','Farm & Heavy Construction Machinery','Caterpillar Inc, manufactures and sells construction and mining equipment, diesel and natural gas engines, and industrial gas turbines worldwide',''),('XVYjnwx9MX7JWja','Goldman Sachs Group, Inc. (The)','GS','Capital Markets','The Goldman Sachs Group, Inc,, a financial institution, provides a range of financial services for corporations, financial institutions, governments, and individuals worldwide',''),('lqGJz8MJvIk69Fk','Lockheed Martin Corporation','LMT','Aerospace & Defense','Lockheed Martin Corporation, a security and aerospace company, engages in the research, design, development, manufacture, integration, and sustainment of technology systems, products, and services worldwide, It operates through four segments: Aeronautics, Missiles and Fire Control, Rotary and Mission Systems, and Space',''),('uUJGYefO9MFzzxu','Salesforce, Inc.','CRM','Software—Application','Salesforce, Inc, provides customer relationship management technology that brings companies and customers together worldwide',''),('dHdplX6gMIIeAOC','Intuit Inc.','INTU','Software—Application','Intuit Inc, provides financial management and compliance products and services for consumers, small businesses, self-employed, and accounting professionals in the United States, Canada, and internationally',''),('-DWH-czAnzeeLRn','Intel Corporation','INTC','Semiconductors','Intel Corporation engages in the design, manufacture, and sale of computer products and technologies worldwide, The company operates through CCG, DCG, IOTG, Mobileye, NSG, PSG, and All Other segments',''),('64YS-khL4eM_EAz','American Express Company','AXP','Credit Services','American Express Company, together with its subsidiaries, provides charge and credit payment card products, and travel-related services worldwide, The company operates through three segments: Global Consumer Services Group, Global Commercial Services, and Global Merchant and Network Services',''),('P3vScjxWBAM5Otg','Boeing Company (The)','BA','Aerospace & Defense','The Boeing Company, together with its subsidiaries, designs, develops, manufactures, sales, services, and supports commercial jetliners, military aircraft, satellites, missile defense, human space flight and launch systems, and services worldwide, The company operates through four segments: Commercial Airplanes; Defense, Space & Security; Global Services; and Boeing Capital',''),('shCBmrtuL-X4C1M','Advanced Micro Devices, Inc.','AMD','Semiconductors','Advanced Micro Devices, Inc, operates as a semiconductor company worldwide',''),('mWwzsFrsuhhttth','Gilead Sciences, Inc.','GILD','Drug Manufacturers—General','Gilead Sciences, Inc,, a biopharmaceutical company, discovers, develops, and commercializes medicines in the areas of unmet medical need in the United States, Europe, and internationally',''),('vh2pkn7TIGaxPoV','Medtronic plc.','MDT','Medical Devices','Medtronic plc develops, manufactures, and sells device-based medical therapies to healthcare systems, physicians, clinicians, and patients worldwide, Its Cardiovascular Portfolio segment offers implantable cardiac pacemakers, cardioverter defibrillators, and cardiac resynchronization therapy devices; cardiac ablation products; insertable cardiac monitor systems; TYRX products; and remote monitoring and patient-centered software',''),('mLGlb7HFylZ2AQz','Cigna Corporation','CI','Healthcare Plans','Cigna Corporation provides insurance and related products and services in the United States, Its Evernorth segment provides a range of coordinated and point solution health services, including pharmacy, benefits management, care delivery and management, and intelligence solutions to health plans, employers, government organizations, and health care providers',''),('qHL51-dHiJu5xYo','Automatic Data Processing, Inc.','ADP','Staffing & Employment Services','Automatic Data Processing, Inc, provides cloud-based human capital management solutions worldwide',''),('Ri_lkDbKmGhwesz','BlackRock, Inc.','BLK','Asset Management','BlackRock, Inc, is a publicly owned investment manager',''),('nw-vvKXa8uTjoIx','American Tower Corporation (REI','AMT','REIT—Specialty','American Tower Corporation, one of the largest global REITs, is a leading independent owner, operator and developer of multitenant communications real estate with a portfolio of approximately 219,000 communications sites, For more information about American Tower, please visit the Earnings Materials and Investor Presentations sections of our investor relations website at www',''),('d19rcK1eEBbRGwd','Intuitive Surgical, Inc.','ISRG','Medical Instruments & Supplies','Intuitive Surgical, Inc, develops, manufactures, and markets products that enable physicians and healthcare providers to enhance the quality of and access to minimally invasive care in the United States and internationally',''),('bCPGBOIs1sGtskR','Morgan Stanley','MS','Capital Markets','Morgan Stanley, a financial holding company, provides various financial products and services to corporations, governments, financial institutions, and individuals in the Americas, Europe, the Middle East, Africa, and Asia, It operates through Institutional Securities, Wealth Management, and Investment Management segments',''),('xJAth1lBJ7OtYpc','Microsoft Corporation','MSFT','Software—Infrastructure','Microsoft Corporation develops, licenses, and supports software, services, devices, and solutions worldwide, The company operates in three segments: Productivity and Business Processes, Intelligent Cloud, and More Personal Computing',''),('dsSPviGnqOiEH3w','Applied Materials, Inc.','AMAT','Semiconductor Equipment & Materials','Applied Materials, Inc, engages in the provision of manufacturing equipment, services, and software to the semiconductor, display, and related industries',''),('HN0dVJLtmphg4xs','Stryker Corporation','SYK','Medical Devices','Stryker Corporation operates as a medical technology company, The company operates through two segments, MedSurg and Neurotechnology, and Orthopaedics and Spine',''),('JHn9u8EJI3BHLFX','Mondelez International, Inc.','MDLZ','Confectioners','Mondelez International, Inc,, through its subsidiaries, manufactures, markets, and sells snack food and beverage products in the Latin America, North America, Asia, the Middle East, Africa, and Europe',''),('hl5cH5PLuYCUH5E','Citigroup, Inc.','C','Banks—Diversified','Citigroup Inc,, a diversified financial services holding company, provides various financial products and services to consumers, corporations, governments, and institutions in North America, Latin America, Asia, Europe, the Middle East, and Africa',''),('mXIRcUEcxqe7ycY','Chubb Limited','CB','Insurance—Property & Casualty','Chubb Limited provides insurance and reinsurance products worldwide, The company\'s North America Commercial P&C Insurance segment offers commercial property, casualty, workers\' compensation, package policies, risk management, financial lines, marine, construction, environmental, medical, cyber risk, surety, and excess casualty; and group accident and health insurance to large, middle market, and small commercial businesses',''),('gRVlyTyti2gUFoQ','Analog Devices, Inc.','ADI','Semiconductors','Analog Devices, Inc, designs, manufactures, tests, and markets integrated circuits (ICs), software, and subsystems that leverage analog, mixed-signal, and digital signal processing technologies',''),('SfyDqiiB7XIt-e2','Estee Lauder Companies, Inc. (T','EL','Household & Personal Products','The Estée Lauder Companies Inc, manufactures, markets, and sells skin care, makeup, fragrance, and hair care products worldwide',''),('p7wG3Jn-0IixuGM','Prologis, Inc.','PLD','REIT—Industrial','Prologis, Inc, is the global leader in logistics real estate with a focus on high-barrier, high-growth markets',''),('HWwQ8RIX-qdm4ro','General Electric Company','GE','Specialty Industrial Machinery','General Electric Company operates as a high-tech industrial company in Europe, China, Asia, the Americas, the Middle East, and Africa, It operates through four segments: Power, Renewable Energy, Aviation, and Healthcare segments',''),('LrqaFpx868T6PtJ','PayPal Holdings, Inc.','PYPL','Credit Services','PayPal Holdings, Inc, operates a technology platform that enables digital payments on behalf of merchants and consumers worldwide',''),('yRISa8Z5wRzQmCU','Marsh & McLennan Companies, Inc','MMC','Insurance Brokers','Marsh & McLennan Companies, Inc,, a professional services company, provides advice and solutions to clients in the areas of risk, strategy, and people worldwide',''),('sp6HJ6rNrHiMrsC','Altria Group, Inc.','MO','Tobacco','Altria Group, Inc,, through its subsidiaries, manufactures and sells smokeable and oral tobacco products in the United States',''),('ksS8RlqcWzL1xzi','Northrop Grumman Corporation','NOC','Aerospace & Defense','Northrop Grumman Corporation operates as an aerospace and defense company worldwide, The company\'s Aeronautics Systems segment designs, develops, manufactures, integrates, and sustains aircraft systems',''),('ZIUe_4X3KTpQpJK','S&P Global Inc.','SPGI','Financial Data & Stock Exchanges','S&P Global Inc,, together with its subsidiaries, provides credit ratings, benchmarks, analytics, and workflow solutions in the global capital, commodity, and automotive markets',''),('DFPwlz6wF0dWKHQ','ServiceNow, Inc.','NOW','Software—Application','ServiceNow, Inc, provides enterprise cloud computing solutions that defines, structures, consolidates, manages, and automates services for enterprises worldwide',''),('tTCS6sjSnrqOFnq','Moderna, Inc.','MRNA','Biotechnology','Moderna, Inc,, a biotechnology company, discovers, develops, and commercializes messenger RNA therapeutics and vaccines for the treatment of infectious diseases, immuno-oncology, rare diseases, cardiovascular diseases, and auto-immune diseases in the United States, Europe, and internationally',''),('3-DqHHLbeLGhByh','Regeneron Pharmaceuticals, Inc.','REGN','Biotechnology','Regeneron Pharmaceuticals, Inc, discovers, invents, develops, manufactures, and commercializes medicines for treating various diseases worldwide',''),('HbnRt4uMgp9L_Xw','Duke Energy Corporation (Holdin','DUK','Utilities—Regulated Electric','Duke Energy Corporation, together with its subsidiaries, operates as an energy company in the United States, It operates through three segments: Electric Utilities and Infrastructure, Gas Utilities and Infrastructure, and Commercial Renewables',''),('bSo8GNfuPVUKYi5','TJX Companies, Inc. (The)','TJX','Apparel Retail','The TJX Companies, Inc,, together with its subsidiaries, operates as an off-price apparel and home fashions retailer',''),('OZUWTVHT-NMLTn8','Booking Holdings Inc. Common St','BKNG','Travel Services','Booking Holdings Inc, provides travel and restaurant online reservation and related services worldwide',''),('JXyFSWfuNdViA7n','EOG Resources, Inc.','EOG','Oil & Gas E&P','EOG Resources, Inc,, together with its subsidiaries, explores for, develops, produces, and markets crude oil, and natural gas and natural gas liquids',''),('dK36fcuCxjD_xwl','Progressive Corporation (The)','PGR','Insurance—Property & Casualty','The Progressive Corporation, an insurance holding company, provides personal and commercial auto, personal residential and commercial property, general liability, and other specialty property-casualty insurance products and related services in the United States, It operates in three segments: Personal Lines, Commercial Lines, and Property',''),('QmzRfikx39dt7P1','Southern Company (The)','SO','Utilities—Regulated Electric','The Southern Company, through its subsidiaries, engages in the generation, transmission, and distribution of electricity, It operates through Gas Distribution Operations, Gas Pipeline Investments, Wholesale Gas Services, and Gas Marketing Services segments',''),('x3gJqAEQNh_1QBh','HCA Healthcare, Inc.','HCA','Medical Care Facilities','HCA Healthcare, Inc,, through its subsidiaries, provides health care services company in the United States',''),('fNM8YpJgp-y9CV4','Zoetis Inc.','ZTS','Drug Manufacturers—Specialty & Generic','Zoetis Inc, discovers, develops, manufactures, and commercializes animal health medicines, vaccines, and diagnostic products in the United States and internationally','');
/*!40000 ALTER TABLE `US_COMPANIES` ENABLE KEYS */;
UNLOCK TABLES;
/*!40103 SET TIME_ZONE=@OLD_TIME_ZONE */;

/*!40101 SET SQL_MODE=@OLD_SQL_MODE */;
/*!40014 SET FOREIGN_KEY_CHECKS=@OLD_FOREIGN_KEY_CHECKS */;
/*!40014 SET UNIQUE_CHECKS=@OLD_UNIQUE_CHECKS */;
/*!40101 SET CHARACTER_SET_CLIENT=@OLD_CHARACTER_SET_CLIENT */;
/*!40101 SET CHARACTER_SET_RESULTS=@OLD_CHARACTER_SET_RESULTS */;
/*!40101 SET COLLATION_CONNECTION=@OLD_COLLATION_CONNECTION */;
/*!40111 SET SQL_NOTES=@OLD_SQL_NOTES */;

-- Dump completed on 2024-04-30 16:42:42
